{
    "PipelineName":"locanmf-figure",
    "REGION":"us-east-1",
    "Lambda":{
        "CodeUri":"../lambda_repo/locanmf_temp",
        "Handler":"submit.handler",
        "LambdaConfig":{
            "AMI":"ami-04ebe747c2e33038c",
            "INSTANCE_TYPE": "p2.xlarge",
            "REGION": "us-east-1",
            "SECURITY_GROUPS":"launch-wizard-6",
            "IAM_ROLE":"pmd-s3-locanmf-s3-access",
            "KEY_NAME":"ss5513",
            "WORKING_DIRECTORY":"~/bin",
            "COMMAND":"/home/ubuntu/bin/run.sh {} {} {} {} {} {} {} {}",
            "SHUTDOWN_BEHAVIOR":"terminate",
            "CONFIG":"params.yaml",
            "MISSING_CONFIG_ERROR":"We need a config file to analyze data.",
            "EXECUTION_TIMEOUT":180,
            "SSM_TIMEOUT":172000,
            "LOGDIR":"logs",
            "OUTDIR":"results",
            "INDIR":"inputs",
            "LAUNCH":true,
            "LOGFILE":"lambda_log.txt",
            "DEPLOY_LIMIT":100,
            "MONITOR":false
        }
    },
    "UXData":{
    "Affiliates":[
        {
            "AffiliateName":"developerloca",
            "UserNames":["shreyasaxena","taigaabe"],
            "PipelinePath":"",
            "PipelineDir":"cohousingfolder",
            "UserInput":true,
            "ContactEmail":"The email we should notify regarding processing status."
        }
    ]
    }
}
