{
    "S3DelObjectFunction":{
        "AMI": "ami-0a9be579340809a2b",
        "REGION": "us-east-1",
        "INSTANCE_TYPE": "p2.xlarge",
        "SECURITY_GROUPS": "launch-wizard-33",
        "IAM_ROLE": "pmd-s3-ssm",
        "KEY_NAME": "ta_testkey",
        "WORKING_DIRECTORY":"~/bin",
        "COMMAND":"cd ../../../../home/ubuntu; bin/run.sh \"{}\" \"{}\" \"{}\"",
        "SHUTDOWN_BEHAVIOR": "terminate",
        "CONFIG": "config.yaml",
        "MISSING_CONFIG_ERROR": "We need a config file to analyze data.",
        "EXECUTION_TIMEOUT": 180

    }
}
