{
    "MainLambda":{
        "figlambid":"FigLambda",
        "figlambarn":"arn:aws:lambda:us-east-1:739988523141:function:teststack0-FigLambda-6TE7R98GQDKI",
        "cwrolearn":"arn:aws:iam::739988523141:role/teststack0-CloudWatchBusRole-11PKR3VQNXLSI",
        "AMI": "ami-0c31c77e67f442e16",
        "REGION": "us-east-1",
        "INSTANCE_TYPE": "t2.micro",
        "SECURITY_GROUPS": "launch-wizard-33",
        "IAM_ROLE": "pmd-s3-ssm",
        "KEY_NAME": "ta_testkey",
        "WORKING_DIRECTORY":"~/bin",
        "COMMAND":"cd home/ec2-user; bin/run.sh \"{}\" \"{}\" \"{}\"",
        "SHUTDOWN_BEHAVIOR": "terminate",
        "CONFIG": "config.yaml",
        "MISSING_CONFIG_ERROR": "We need a config file to analyze data.",
        "EXECUTION_TIMEOUT": 180

    }
}
