{
    "MainLambda":{
        "figlambid":"FigLambda",
        "figlambarn":"arn:aws:lambda:us-east-1:739988523141:function:dlcmonitored-FigLambda-G1XGBOZ9QHO",
        "cwrolearn":"arn:aws:iam::739988523141:role/dlcmonitored-CloudWatchBusRole-1UOYMSOCFHCO6",
        "AMI": "ami-0a9be579340809a2b",
        "REGION": "us-east-1",
        "INSTANCE_TYPE": "p2.xlarge",
        "SECURITY_GROUPS": "launch-wizard-33",
        "IAM_ROLE": "pmd-s3-ssm",
        "KEY_NAME": "ta_testkey",
        "WORKING_DIRECTORY":"~/bin",
        "COMMAND":"cd ../../../../home/ubuntu; bin/run.sh \"{}\" \"{}\" \"{}\"",
        "SHUTDOWN_BEHAVIOR": "terminate",
        "CONFIG": "config.yaml",
        "MISSING_CONFIG_ERROR": "We need a config file to analyze data.",
        "EXECUTION_TIMEOUT": 180

    }
}
