{
  "Version": "2012-10-17",
  "Statement": [
    {
      "Sid": "VisualEditor0",
      "Effect": "Allow",
      "Action": "s3:GetBucketLocation",
      "Resource": "*"
    },
    {
      "Sid": "VisualEditor3",
      "Effect": "Allow",
      "Action": "s3:HeadBucket",
      "Resource": "*"
    },
    {
      "Sid": "VisualEditor1",
      "Effect": "Allow",
      "Action": "s3:ListAllMyBuckets",
      "Resource": "*"
    },
    {
      "Sid": "ListBucket",
      "Effect": "Allow",
      "Action": "s3:ListBucket",
      "Resource": [
        "arn:aws:s3:::ncapctnteststack"
      ],
      "Condition": {
        "StringEquals": {
          "s3:prefix": [
            "",
            "debuggers/",
            "debuggers/inputs",
            "debuggers/results",
            "debuggers/logs",
            "debuggers/inputs/",
            "debuggers/results/",
            "debuggers/logs/"
          ],
          "s3:delimiter": [
            "/"
          ]
        }
      }
    },
    {
      "Sid": "Inputfolderwrite",
      "Effect": "Allow",
      "Action": [
        "s3:PutObject",
        "s3:DeleteObject"
      ],
      "Resource": [
        "arn:aws:s3:::ncapctnteststack/debuggers/inputs/*"
      ]
    },
    {
      "Sid": "Outputfolderwrite",
      "Effect": "Allow",
      "Action": [
        "s3:GetObject",
        "s3:DeleteObject"
      ],
      "Resource": [
        "arn:aws:s3:::ncapctnteststack/debuggers/results/*",
        "arn:aws:s3:::ncapctnteststack/debuggers/logs/*"
      ]
    }
  ]
}