{
  "Version": "2012-10-17",
  "Statement": [
    {
      "Sid": "VisualEditor0",
      "Effect": "Allow",
      "Action": "s3:GetBucketLocation",
      "Resource": "*"
    },
    {
      "Sid": "VisualEditor3",
      "Effect": "Allow",
      "Action": "s3:HeadBucket",
      "Resource": "*"
    },
    {
      "Sid": "VisualEditor1",
      "Effect": "Allow",
      "Action": "s3:ListAllMyBuckets",
      "Resource": "*"
    },
    {
      "Sid": "ListBucket",
      "Effect": "Allow",
      "Action": "s3:ListBucket",
      "Resource": [
        "arn:aws:s3:::dlc-ncap-demo"
      ],
      "Condition": {
        "StringEquals": {
          "s3:prefix": [
            "",
            "devs/",
            "devs/inputs",
            "devs/results",
            "devs/logs",
            "devs/inputs/",
            "devs/results/",
            "devs/logs/"
          ],
          "s3:delimiter": [
            "/"
          ]
        }
      }
    },
    {
      "Sid": "ListSubBucket",
      "Effect": "Allow",
      "Action": "s3:ListBucket",
      "Resource": [
        "arn:aws:s3:::dlc-ncap-demo"
      ],
      "Condition": {
        "StringLike": {
          "s3:prefix": [
            "devs/inputs/*",
            "devs/results/*",
            "devs/logs/*"
          ]
        }
      }
    },
    {
      "Sid": "Inputfolderwrite",
      "Effect": "Allow",
      "Action": [
        "s3:PutObject",
        "s3:DeleteObject"
      ],
      "Resource": [
        "arn:aws:s3:::dlc-ncap-demo/devs/inputs/*"
      ]
    },
    {
      "Sid": "Outputfolderwrite",
      "Effect": "Allow",
      "Action": [
        "s3:GetObject",
        "s3:DeleteObject"
      ],
      "Resource": [
        "arn:aws:s3:::dlc-ncap-demo/devs/results/*",
        "arn:aws:s3:::dlc-ncap-demo/devs/logs/*"
      ]
    }
  ]
}