{
    "Version": "2012-10-17",
    "Statement": [
        {
            "Sid": "VisualEditor0",
            "Effect": "Allow",
            "Action": "s3:GetBucketLocation",
            "Resource": "*"
        },
        {
            "Sid": "VisualEditor3",
            "Effect": "Allow",
            "Action": "s3:HeadBucket",
            "Resource": "*"
        },
        {
            "Sid": "VisualEditor1",
            "Effect": "Allow",
            "Action": "s3:ListAllMyBuckets",
            "Resource": "*"
        }
    ]
}
