{
  "Version" : "2012-10-17",
  "Statement": [
    {
      "Effect": "Allow",
      "Action": [
        "logs:CreateLogGroup",
        "logs:CreateLogStream",
        "logs:PutLogEvents"
      ],
      "Resource": "arn:aws:logs:*:*:*"
    },
    {
      "Effect": "Allow",
      "Action": [
        "dynamodb:GetItem",
        "dynamodb:PutItem",
        "dynamodb:Scan"
      ],
      "Resource": { "Fn::Join":  [ "", [ "arn:aws:dynamodb:", { "Ref": "AWS::Region" }, ":", { "Ref": "AWS::AccountId" } , ":table/", { "Ref": "ReferenceDB" } ] ] }
    }
  ]
}
