{
  "Version": "2012-10-17",
  "Statement": [
    {
      "Sid": "VisualEditor0",
      "Effect": "Allow",
      "Action": "s3:GetBucketLocation",
      "Resource": "*"
    },
    {
      "Sid": "VisualEditor3",
      "Effect": "Allow",
      "Action": "s3:HeadBucket",
      "Resource": "*"
    },
    {
      "Sid": "VisualEditor1",
      "Effect": "Allow",
      "Action": "s3:ListAllMyBuckets",
      "Resource": "*"
    },
    {
      "Sid": "ListBucket",
      "Effect": "Allow",
      "Action": "s3:ListBucket",
      "Resource": [
        "arn:aws:s3:::locanmf-figure"
      ],
      "Condition": {
        "StringEquals": {
          "s3:prefix": [
            "",
            "paninskilab/",
            "paninskilab/inputs",
            "paninskilab/results",
            "paninskilab/logs",
            "paninskilab/inputs/",
            "paninskilab/results/",
            "paninskilab/logs/"
          ],
          "s3:delimiter": [
            "/"
          ]
        }
      }
    },
    {
      "Sid": "ListSubBucket",
      "Effect": "Allow",
      "Action": "s3:ListBucket",
      "Resource": [
        "arn:aws:s3:::locanmf-figure"
      ],
      "Condition": {
        "StringLike": {
          "s3:prefix": [
            "paninskilab/inputs/*",
            "paninskilab/results/*",
            "paninskilab/logs/*"
          ]
        }
      }
    },
    {
      "Sid": "Inputfolderwrite",
      "Effect": "Allow",
      "Action": [
        "s3:PutObject",
        "s3:DeleteObject"
      ],
      "Resource": [
        "arn:aws:s3:::locanmf-figure/paninskilab/inputs/*"
      ]
    },
    {
      "Sid": "Outputfolderwrite",
      "Effect": "Allow",
      "Action": [
        "s3:GetObject",
        "s3:DeleteObject"
      ],
      "Resource": [
        "arn:aws:s3:::locanmf-figure/paninskilab/results/*",
        "arn:aws:s3:::locanmf-figure/paninskilab/logs/*"
      ]
    }
  ]
}