{
  "Version": "2012-10-17",
  "Statement": [
    {
      "Sid": "VisualEditor0",
      "Effect": "Allow",
      "Action": "s3:GetBucketLocation",
      "Resource": "*"
    },
    {
      "Sid": "VisualEditor3",
      "Effect": "Allow",
      "Action": "s3:HeadBucket",
      "Resource": "*"
    },
    {
      "Sid": "VisualEditor1",
      "Effect": "Allow",
      "Action": "s3:ListAllMyBuckets",
      "Resource": "*"
    },
    {
      "Sid": "ListBucket",
      "Effect": "Allow",
      "Action": "s3:ListBucket",
      "Resource": [
        "arn:aws:s3:::polleuxmonitored2"
      ],
      "Condition": {
        "StringEquals": {
          "s3:prefix": [
            "",
            "polleuxlab2/",
            "polleuxlab2/inputs",
            "polleuxlab2/results",
            "polleuxlab2/logs",
            "polleuxlab2/inputs/",
            "polleuxlab2/results/",
            "polleuxlab2/logs/"
          ],
          "s3:delimiter": [
            "/"
          ]
        }
      }
    },
    {
      "Sid": "Inputfolderwrite",
      "Effect": "Allow",
      "Action": [
        "s3:PutObject",
        "s3:DeleteObject"
      ],
      "Resource": [
        "arn:aws:s3:::polleuxmonitored2/polleuxlab2/inputs/*"
      ]
    },
    {
      "Sid": "Outputfolderwrite",
      "Effect": "Allow",
      "Action": [
        "s3:GetObject",
        "s3:DeleteObject"
      ],
      "Resource": [
        "arn:aws:s3:::polleuxmonitored2/polleuxlab2/results/*",
        "arn:aws:s3:::polleuxmonitored2/polleuxlab2/logs/*"
      ]
    }
  ]
}